"s_ds_municipio","s_ds_municipio_rdo","municipio","cod_ibge"
JERIQUARA,JERIQUARA,Jeriquara,3525409
JOAO RAMALHO,JOAO RAMALHO,Joao Ramalho,3525607
JOSE BONIFACIO,JOSE BONIFACIO,Jose Bonifacio,3525706
JUMIRIM,JUMIRIM,Jumirim,3525854
JUNDIAI,JUNDIAI,Jundiai,3525904
JUQUITIBA,JUQUITIBA,Juquitiba,3526209
LAGOINHA,LAGOINHA,Lagoinha,3526308
LAVINIA,LAVINIA,Lavinia,3526506
LAVRINHAS,LAVRINHAS,Lavrinhas,3526605
LENCOIS PAULISTA,LENCOIS PAULISTA,Lencois Paulista,3526803
LIMEIRA,LIMEIRA,Limeira,3526902
LINS,LINS,Lins,3527108
LUTECIA,LUTECIA,Lutecia,3527900
MAGDA,MAGDA,Magda,3528304
PIRANGI,PIRANGI,Pirangi,3539004
PIRAPOZINHO,PIRAPOZINHO,Pirapozinho,3539202
POMPEIA,POMPEIA,Pompeia,3540002
PRESIDENTE ALVES,PRESIDENTE ALVES,Presidente Alves,3541109
QUADRA,QUADRA,Quadra,3541653
QUINTANA,QUINTANA,Quintana,3542008
RIBEIRA,RIBEIRA,Ribeira,3542800
SANTA CRUZ DA ESPERANCA,S.CRUZ DA ESPERANCA,Santa Cruz da Esperanca,3546256
BURITAMA,BURITAMA,Buritama,3508108
LOURDES,LOURDES,Lourdes,3527256
LOUVEIRA,LOUVEIRA,Louveira,3527306
LUCELIA,LUCELIA,Lucelia,3527405
LUIS ANTONIO,LUIS ANTONIO,Luis Antonio,3527603
RIBEIRAO DO SUL,RIBEIRAO DO SUL,Ribeirao do Sul,3543204
RIFAINA,RIFAINA,Rifaina,3543600
RINCAO,RINCAO,Rincao,3543709
RUBINEIA,RUBINEIA,Rubineia,3544509
SALES,S.ANASTACIO,Sales,3544806
SALTINHO,S.ANTONIO DE POSSE,Saltinho,3545159
SANTA ADELIA,SANTA ADELIA,Santa Adelia,3545605
BOM SUCESSO DE ITARARE,BOM SUCESSO DE ITARARE,Bom Sucesso de Itarare,3507159
BRAGANCA PAULISTA,BRAGANCA PAULISTA,Braganca Paulista,3507605
CACHOEIRA PAULISTA,CACHOEIRA PAULISTA,Cachoeira Paulista,3508603
CAIEIRAS,CAIEIRAS,Caieiras,3509007
CAIUA,CAIUA,Caiua,3509106
CAJAMAR,CAJAMAR,Cajamar,3509205
CAJOBI,CAJOBI,Cajobi,3509304
CAMPINAS,CAMPINAS,Campinas,3509502
CAMPOS NOVOS PAULISTA,CAMPOS NOVOS PAUL.,Campos Novos Paulista,3509809
CANDIDO RODRIGUES,CANDIDO RODRIGUES,Candido Rodrigues,3510104
CAPAO BONITO,CAPAO BONITO,Capao Bonito,3510203
CAPELA DO ALTO,CAPELA DO ALTO,Capela do Alto,3510302
CAPIVARI,CAPIVARI,Capivari,3510401
CARAPICUIBA,CARAPICUIBA,Carapicuiba,3510609
CASA BRANCA,CASA BRANCA,Casa Branca,3510807
CEDRAL,CEDRAL,Cedral,3511300
CERQUEIRA CESAR,CERQUEIRA CESAR,Cerqueira Cesar,3511409
CHAVANTES,CHAVANTES,Chavantes,3557204
CLEMENTINA,CLEMENTINA,Clementina,3511904
COLOMBIA,COLOMBIA,Colombia,3512100
CONCHAL,CONCHAL,Conchal,3512209
ESTRELA DO NORTE,ESTRELA DO NORTE,Estrela do Norte,3515301
FARTURA,FARTURA,Fartura,3515400
FERNANDO PRESTES,FERNANDO PRESTES,Fernando Prestes,3515608
FLORA RICA,FLORA RICA,Flora Rica,3515806
FRANCA,FRANCA,Franca,3516200
CORDEIROPOLIS,CORDEIROPOLIS,Cordeiropolis,3512407
COROADOS,COROADOS,Coroados,3512506
CORUMBATAI,CORUMBATAI,Corumbatai,3512704
COSMORAMA,COSMORAMA,Cosmorama,3512902
CRUZEIRO,CRUZEIRO,Cruzeiro,3513405
CUBATAO,CUBATAO,Cubatao,3513504
CUNHA,CUNHA,Cunha,3513603
DIADEMA,DIADEMA,Diadema,3513801
FRANCISCO MORATO,FRANCISCO MORATO,Francisco Morato,3516309
FRANCO DA ROCHA,FRANCO DA ROCHA,Franco da Rocha,3516408
GASTAO VIDIGAL,GASTAO VIDIGAL,Gastao Vidigal,3516804
GAVIAO PEIXOTO,GAVIAO PEIXOTO,Gaviao Peixoto,3516853
GETULINA,GETULINA,Getulina,3517000
DIRCE REIS,DIRCE REIS,Dirce Reis,3513850
DIVINOLANDIA,DIVINOLANDIA,Divinolandia,3513900
DOLCINOPOLIS,DOLCINOPOLIS,Dolcinopolis,3514205
DRACENA,DRACENA,Dracena,3514403
DUARTINA,DUARTINA,Duartina,3514502
DUMONT,DUMONT,Dumont,3514601
ELDORADO,ELDORADO,Eldorado,3514809
ELIAS FAUSTO,ELIAS FAUSTO,Elias Fausto,3514908
EMBU DAS ARTES,EMBU,Embu das Artes,3515004
EMBU-GUACU,EMBU-GUACU,Embu-Guacu,3515103
EMILIANOPOLIS,EMILIANOPOLIS,Emilianopolis,3515129
ESPIRITO SANTO DO PINHAL,ESPIRITO STO. PINHAL,Espirito Santo do Pinhal,3515186
ESTRELA D OESTE,ESTRELA D OESTE,Estrela d Oeste,3515202
GLICERIO,GLICERIO,Glicerio,3517109
GUAIMBE,GUAIMBE,Guaimbe,3517307
GUAIRA,GUAIRA,Guaira,3517406
GUAPIACU,GUAPIACU,Guapiacu,3517505
GUARA,GUARA,Guara,3517703
GUARACAI,GUARACAI,Guaracai,3517802
GUARARAPES,GUARARAPES,Guararapes,3518206
GUARAREMA,GUARAREMA,Guararema,3518305
GUARUJA,GUARUJA,Guaruja,3518701
GUATAPARA,GUATAPARA,Guatapara,3518859
SANTA GERTRUDES,S.GERTRUDES,Santa Gertrudes,3546702
SANTA MARIA DA SERRA,S.MARIA DA SERRA,Santa Maria da Serra,3547007
SAO CARLOS,S.CARLOS,Sao Carlos,3548906
INDAIATUBA,INDAIATUBA,Indaiatuba,3520509
INDIANA,INDIANA,Indiana,3520608
INUBIA PAULISTA,INUBIA PAULISTA,Inubia Paulista,3520806
SANTA SALETE,S.SALETE,Santa Salete,3547650
SANTO ANTONIO DO ARACANGUA,S.ANTONIO DE ARACANGUA,Santo Antonio do Aracangua,3548054
ITANHAEM,ITANHAEM,Itanhaem,3522109
ITAPECERICA DA SERRA,ITAPECERICA DA SERRA,Itapecerica da Serra,3522208
ITAPETININGA,ITAPETININGA,Itapetininga,3522307
ITAPEVI,ITAPEVI,Itapevi,3522505
ITAPIRA,ITAPIRA,Itapira,3522604
BANANAL,BANANAL,Bananal,3504909
NOVA INDEPENDENCIA,NOVA INDEPENDENCIA,Nova Independencia,3533205
NOVAIS,NOVAIS,Novais,3533254
OLEO,OLEO,Oleo,3533809
OSCAR BRESSANE,OSCAR BRESSANE,Oscar Bressane,3534500
OURINHOS,OURINHOS,Ourinhos,3534708
PALMITAL,PALMITAL,Palmital,3535309
PARAGUACU PAULISTA,PARAGUACU PAULISTA,Paraguacu Paulista,3535507
PARANAPANEMA,PARANAPANEMA,Paranapanema,3535804
SAO JOSE DO RIO PARDO,S.JOSE DO RIO PARDO,Sao Jose do Rio Pardo,3549706
BROTAS,BROTAS,Brotas,3507902
SAO BENTO DO SAPUCAI,S.BENTO DO SAPUCAI,Sao Bento do Sapucai,3548609
SAO JOAO DO PAU D ALHO,S.JOAO DO PAU D ALHO,Sao Joao do Pau d Alho,3549300
SAO JOSE DO BARREIRO,S.JOSE DO BARREIRO,Sao Jose do Barreiro,3549607
SAO PEDRO DO TURVO,S.PEDRO DO TURVO,Sao Pedro do Turvo,3550506
SAO SEBASTIAO DA GRAMA,S.SEBASTIAO DA GRAMA,Sao Sebastiao da Grama,3550803
SERRA NEGRA,SERRA NEGRA,Serra Negra,3551603
MANDURI,MANDURI,Manduri,3528601
MARABA PAULISTA,MARABA PAULISTA,Maraba Paulista,3528700
ALUMINIO,ALUMINIO,Aluminio,3501152
AMPARO,AMPARO,Amparo,3501905
PARAPUA,PARAPUA,Parapua,3536000
SANTOS,SANTOS,Santos,3548500
ADAMANTINA,ADAMANTINA,Adamantina,3500105
BOCAINA,BOCAINA,Bocaina,3506805
CABREUVA,CABREUVA,Cabreuva,3508405
AGUAS DA PRATA,AGUAS DA PRATA,Aguas da Prata,3500402
ALTO ALEGRE,ALTO ALEGRE,Alto Alegre,3501103
PINDORAMA,PINDORAMA,Pindorama,3538105
GUZOLANDIA,GUZOLANDIA,Guzolandia,3518909
TAMBAU,TAMBAU,Tambau,3553302
ITOBI,ITOBI,Itobi,3523800
SEVERINIA,SEVERINIA,Severinia,3551900
SUZANAPOLIS,SUZANAPOLIS,Suzanapolis,3552551
TABATINGA,TABATINGA,Tabatinga,3552700
TAQUARITUBA,TAQUARITUBA,Taquarituba,3553807
MIRASSOLANDIA,MIRASSOLANDIA,Mirassolandia,3530409
MOCOCA,MOCOCA,Mococa,3530508
MOGI DAS CRUZES,MOGI DAS CRUZES,Mogi das Cruzes,3530607
MOGI GUACU,MOGI-GUACU,Mogi Guacu,3530706
MONCOES,MONCOES,Moncoes,3531001
MONTE ALEGRE DO SUL,MONTE ALEGRE DO SUL,Monte Alegre do Sul,3531209
MONTE ALTO,MONTE ALTO,Monte Alto,3531308
TARUMA,TARUMA,Taruma,3553955
TEJUPA,TEJUPA,Tejupa,3554201
TERRA ROXA,TERRA ROXA,Terra Roxa,3554409
TORRINHA,TORRINHA,Torrinha,3554706
TUPA,TUPA,Tupa,3555000
UBIRAJARA,UBIRAJARA,Ubirajara,3555505
URU,URU,Uru,3555901
VERA CRUZ,VERA CRUZ,Vera Cruz,3556602
IRAPURU,IRAPURU,Irapuru,3521606
ITAI,ITAI,Itai,3521804
ITAJOBI,ITAJOBI,Itajobi,3521903
AMERICO BRASILIENSE,AMERICO BRASILIENSE,Americo Brasiliense,3501707
AMERICO DE CAMPOS,AMERICO DE CAMPOS,Americo de Campos,3501806
ANALANDIA,ANALANDIA,Analandia,3502002
ANGATUBA,ANGATUBA,Angatuba,3502200
ANHUMAS,ANHUMAS,Anhumas,3502408
APARECIDA D OESTE,APARECIDA D OESTE,Aparecida d Oeste,3502606
ARACARIGUAMA,ARACARIGUAMA,Aracariguama,3502754
ARACATUBA,ARACATUBA,Aracatuba,3502804
ARAMINA,ARAMINA,Aramina,3503000
MONTE APRAZIVEL,MONTE APRAZIVEL,Monte Aprazivel,3531407
MONTE MOR,MONTE MOR,Monte Mor,3531803
MONTEIRO LOBATO,MONTEIRO LOBATO,Monteiro Lobato,3531704
MOTUCA,MOTUCA,Motuca,3532058
MURUTINGA DO SUL,MURUTINGA DO SUL,Murutinga do Sul,3532108
NARANDIBA,NARANDIBA,Narandiba,3532207
NEVES PAULISTA,NEVES PAULISTA,Neves Paulista,3532504
NIPOA,NIPOA,Nipoa,3532702
VOTUPORANGA,VOTUPORANGA,Votuporanga,3557105
ALTINOPOLIS,ALTINOPOLIS,Altinopolis,3501004
ALVARO DE CARVALHO,ALVARO DE CARVALHO,Alvaro de Carvalho,3501400
ARANDU,ARANDU,Arandu,3503109
ARAPEI,ARAPEI,Arapei,3503158
ARARAQUARA,ARARAQUARA,Araraquara,3503208
AREALVA,AREALVA,Arealva,3503406
AREIAS,AREIAS,Areias,3503505
AREIOPOLIS,AREIOPOLIS,Areiopolis,3503604
ARTUR NOGUEIRA,ARTUR NOGUEIRA,Artur Nogueira,3503802
ARUJA,ARUJA,Aruja,3503901
NOVA EUROPA,NOVA EUROPA,Nova Europa,3532900
NOVA GRANADA,NOVA GRANADA,Nova Granada,3533007
AMERICANA,AMERICANA,Americana,3501608
AVAI,AVAI,Avai,3504305
CAFELANDIA,CAFELANDIA,Cafelandia,3508801
CHARQUEADA,CHARQUEADA,Charqueada,3511706
GUARACI,GUARACI,Guaraci,3517901
IEPE,IEPE,Iepe,3519907
ASPASIA,ASPASIA,Aspasia,3503950
ATIBAIA,ATIBAIA,Atibaia,3504107
AURIFLAMA,AURIFLAMA,Auriflama,3504206
AVANHANDAVA,AVANHANDAVA,Avanhandava,3504404
AVARE,AVARE,Avare,3504503
BADY BASSITT,BADY BASSITT,Bady Bassitt,3504602
BARAO DE ANTONINA,BARAO DE ANTONINA,Barao de Antonina,3505005
BARIRI,BARIRI,Bariri,3505203
NOVA GUATAPORANGA,NOVA GUATAPORANGA,Nova Guataporanga,3533106
NOVA ODESSA,NOVA ODESSA,Nova Odessa,3533403
NUPORANGA,NUPORANGA,Nuporanga,3533601
BARRA BONITA,BARRA BONITA,Barra Bonita,3505302
BARRA DO CHAPEU,BARRA DO CHAPEU,Barra do Chapeu,3505351
BARRETOS,BARRETOS,Barretos,3505500
BASTOS,BASTOS,Bastos,3505807
BATATAIS,BATATAIS,Batatais,3505906
BAURU,BAURU,Bauru,3506003
BERTIOGA,BERTIOGA,Bertioga,3506359
BILAC,BILAC,Bilac,3506409
BIRIGUI,BIRIGUI,Birigui,3506508
BOFETE,BOFETE,Bofete,3506904
JALES,JALES,Jales,3524808
JAMBEIRO,JAMBEIRO,Jambeiro,3524907
JARINU,JARINU,Jarinu,3525201
JAU,JAU,Jau,3525300
JUQUIA,JUQUIA,Juquia,3526100
LEME,LEME,Leme,3526704
LUCIANOPOLIS,LUCIANOPOLIS,Lucianopolis,3527504
MACATUBA,MACATUBA,Macatuba,3528007
MACAUBAL,MACAUBAL,Macaubal,3528106
MACEDONIA,MACEDONIA,Macedonia,3528205
MAIRINQUE,MAIRINQUE,Mairinque,3528403
MAIRIPORA,MAIRIPORA,Mairipora,3528502
MARAPOAMA,MARAPOAMA,Marapoama,3528858
MARIAPOLIS,MARIAPOLIS,Mariapolis,3528908
OCAUCU,OCAUCU,Ocaucu,3533700
OLIMPIA,OLIMPIA,Olimpia,3533908
MARINOPOLIS,MARINOPOLIS,Marinopolis,3529104
MARTINOPOLIS,MARTINOPOLIS,Martinopolis,3529203
MAUA,MAUA,Maua,3529401
MESOPOLIS,MESOPOLIS,Mesopolis,3529658
ORIENTE,ORIENTE,Oriente,3534104
ARARAS,ARARAS,Araras,3503307
FLORIDA PAULISTA,FLORIDA PAULISTA,Florida Paulista,3516002
ITABERA,ITABERA,Itabera,3521705
ITAOCA,ITAOCA,Itaoca,3522158
ITAPEVA,ITAPEVA,Itapeva,3522406
ITAPORANGA,ITAPORANGA,Itaporanga,3522802
ITATIBA,ITATIBA,Itatiba,3523404
MINEIROS DO TIETE,MINEIROS DO TIETE,Mineiros do Tiete,3529807
MIRANDOPOLIS,MIRANDOPOLIS,Mirandopolis,3530102
MIRANTE DO PARANAPANEMA,MIRANTE PARANAPANEMA,Mirante do Paranapanema,3530201
NOVA CAMPINA,NOVA CAMPINA,Nova Campina,3532827
ORLANDIA,ORLANDIA,Orlandia,3534302
OSASCO,OSASCO,Osasco,3534401
OSVALDO CRUZ,OSVALDO CRUZ,Osvaldo Cruz,3534609
OURO VERDE,OURO VERDE,Ouro Verde,3534807
OUROESTE,OUROESTE,Ouroeste,3534757
PACAEMBU,PACAEMBU,Pacaembu,3534906
IGARATA,IGARATA,Igarata,3520202
IGUAPE,IGUAPE,Iguape,3520301
ILHA COMPRIDA,ILHA COMPRIDA,Ilha Comprida,3520426
PALMARES PAULISTA,PALMARES PAULISTA,Palmares Paulista,3535101
PANORAMA,PANORAMA,Panorama,3535408
HERCULANDIA,HERCULANDIA,Herculandia,3519006
HOLAMBRA,HOLAMBRA,Holambra,3519055
HORTOLANDIA,HORTOLANDIA,Hortolandia,3519071
IACRI,IACRI,Iacri,3519204
IBIRAREMA,IBIRAREMA,Ibirarema,3519501
ICEM,ICEM,Icem,3519808
ILHABELA,ILHABELA,Ilhabela,3520400
IGARACU DO TIETE,IGARACU DO TIETE,Igaracu do Tiete,3520004
IPAUSSU,IPAUSSU,Ipaussu,3520905
IPEUNA,IPEUNA,Ipeuna,3521101
IPIGUA,IPIGUA,Ipigua,3521150
IRACEMAPOLIS,IRACEMAPOLIS,Iracemapolis,3521408
ADOLFO,ADOLFO,Adolfo,3500204
AGUAS DE SANTA BARBARA,AGUAS DE SANTA BARBARA,Aguas de Santa Barbara,3500550
APIAI,APIAI,Apiai,3502705
ARACOIABA DA SERRA,ARACOIABA DA SERRA,Aracoiaba da Serra,3502903
SANTA RITA DO PASSA QUATRO,S.RITA PASSA QUATRO,Santa Rita do Passa Quatro,3547502
SUD MENNUCCI,SUD MENUCCI,Sud Mennucci,3552304
CANITAR,CANITAR,Canitar,3510153
CASTILHO,CASTILHO,Castilho,3511003
MOGI MIRIM,MOGI-MIRIM,Mogi Mirim,3530805
NOVO HORIZONTE,NOVO HORIZONTE,Novo Horizonte,3533502
RIO DAS PEDRAS,RIO DAS PEDRAS,Rio das Pedras,3544004
SANTO ANTONIO DA ALEGRIA,S.ANTONIO DA ALEGRIA,Santo Antonio da Alegria,3547908
SAO MANUEL,S.MANUEL,Sao Manuel,3550100
VARZEA PAULISTA,VARZEA PAULISTA,Varzea Paulista,3556503
BARBOSA,BARBOSA,Barbosa,3505104
BARRINHA,BARRINHA,Barrinha,3505609
BOITUVA,BOITUVA,Boituva,3507001
BOM JESUS DOS PERDOES,BOM JESUS DOS PERDOES,Bom Jesus dos Perdoes,3507100
ITUVERAVA,ITUVERAVA,Ituverava,3524105
JANDIRA,JANDIRA,Jandira,3525003
ALAMBARI,ALAMBARI,Alambari,3500758
GUAREI,GUAREI,Guarei,3518503
BOTUCATU,BOTUCATU,Botucatu,3507506
CONCHAS,CONCHAS,Conchas,3512308
DOBRADA,DOBRADA,Dobrada,3514007
ITARARE,ITARARE,Itarare,3523206
JULIO MESQUITA,JULIO MESQUITA,Julio Mesquita,3525805
MIRACATU,MIRACATU,Miracatu,3529906
CERQUILHO,CERQUILHO,Cerquilho,3511508
IPORANGA,IPORANGA,Iporanga,3521200
ITAPOLIS,ITAPOLIS,Itapolis,3522703
POPULINA,POPULINA,Populina,3540408
SANTA ALBERTINA,S.ALBERTINA,Santa Albertina,3545704
ALVINLANDIA,ALVINLANDIA,Alvinlandia,3501509
MONGAGUA,MONGAGUA,Mongagua,3531100
MONTE AZUL PAULISTA,MONTE AZUL PAULISTA,Monte Azul Paulista,3531506
MORRO AGUDO,MORRO AGUDO,Morro Agudo,3531902
ESPIRITO SANTO DO TURVO,ESPIRITO S.DO TURVO,Espirito Santo do Turvo,3515194
LINDOIA,LINDOIA,Lindoia,3527009
PIRAJUI,PIRAJUI,Pirajui,3538907
SANTA CRUZ DAS PALMEIRAS,S.CRUZ DAS PALMEIRAS,Santa Cruz das Palmeiras,3546306
AGUAS DE LINDOIA,AGUAS DE LINDOIA,Aguas de Lindoia,3500501
ALFREDO MARCONDES,ALFREDO MARCONDES,Alfredo Marcondes,3500808
BORA,BORA,Bora,3507209
MORUNGABA,MORUNGABA,Morungaba,3532009
NAZARE PAULISTA,NAZARE PAULISTA,Nazare Paulista,3532405
LARANJAL PAULISTA,LARANJAL PAULISTA,Laranjal Paulista,3526407
ANHEMBI,ANHEMBI,Anhembi,3502309
CORONEL MACEDO,CORONEL MACEDO,Coronel Macedo,3512605
IARAS,IARAS,Iaras,3519253
PARDINHO,PARDINHO,Pardinho,3536109
PRATANIA,PRATANIA,Pratania,3541059
SAO JOAQUIM DA BARRA,S.JOAQUIM DA BARRA,Sao Joaquim da Barra,3549409
MIGUELOPOLIS,MIGUELOPOLIS,Miguelopolis,3529708
CRISTAIS PAULISTA,CRISTAIS PAULISTA,Cristais Paulista,3513207
CANAS,CANAS,Canas,3509957
NOVA CASTILHO,NOVA CASTILHO,Nova Castilho,3532868
AGUAI,AGUAI,Aguai,3500303
ALTAIR,ALTAIR,Altair,3500907
ALVARES FLORENCE,ALVARES FLORENCE,Alvares Florence,3501202
ALVARES MACHADO,ALVARES MACHADO,Alvares Machado,3501301
BENTO DE ABREU,BENTO DE ABREU,Bento de Abreu,3506201
CAJATI,CAJATI,Cajati,3509254
CANANEIA,CANANEIA,Cananeia,3509908
GARCA,GARCA,Garca,3516705
BORACEIA,BORACEIA,Boraceia,3507308
BORBOREMA,BORBOREMA,Borborema,3507407
BRAUNA,BRAUNA,Brauna,3507704
BRODOWSKI,BRODOWSKI,Brodowski,3507803
BURITIZAL,BURITIZAL,Buritizal,3508207
CABRALIA PAULISTA,CABRALIA PAULISTA,Cabralia Paulista,3508306
CACAPAVA,CACAPAVA,Cacapava,3508504
CACONDE,CACONDE,Caconde,3508702
CAJURU,CAJURU,Cajuru,3509403
CAMPINA DO MONTE ALEGRE,CAMPINA MONTE ALEGRE,Campina do Monte Alegre,3509452
CANDIDO MOTA,CANDIDO MOTA,Candido Mota,3510005
CARAGUATATUBA,CARAGUATATUBA,Caraguatatuba,3510500
BURI,BURI,Buri,3508009
GUAPIARA,GUAPIARA,Guapiara,3517604
ITAPIRAPUA PAULISTA,ITAPIRAPUA PAULISTA,Itapirapua Paulista,3522653
RIBEIRAO BRANCO,RIBEIRAO BRANCO,Ribeirao Branco,3543006
RIBEIRAO GRANDE,RIBEIRAO INDIOS,Ribeirao Grande,3543253
JACAREI,JACAREI,Jacarei,3524402
GUARATINGUETA,GUARATINGUETA,Guaratingueta,3518404
LORENA,LORENA,Lorena,3527207
CAMPOS DO JORDAO,CAMPOS DO JORDAO,Campos do Jordao,3509700
APARECIDA,APARECIDA,Aparecida,3502507
ASSIS,ASSIS,Assis,3504008
CATIGUA,CATIGUA,Catigua,3511201
CESARIO LANGE,CESARIO LANGE,Cesario Lange,3511607
COLINA,COLINA,Colina,3512001
COSMOPOLIS,COSMOPOLIS,Cosmopolis,3512803
DESCALVADO,DESCALVADO,Descalvado,3513702
DOIS CORREGOS,DOIS CORREGOS,Dois Corregos,3514106
DOURADO,DOURADO,Dourado,3514304
ECHAPORA,ECHAPORA,Echapora,3514700
EMBAUBA,EMBAUBA,Embauba,3514957
SAO LUIS DO PARAITINGA,S.LUIS DO PARAITINGA,Sao Luis do Paraitinga,3550001
BIRITIBA MIRIM,BIRITIBA-MIRIM,Biritiba Mirim,3506607
NATIVIDADE DA SERRA,NATIVIDADE DA SERRA,Natividade da Serra,3532306
PARAIBUNA,PARAIBUNA,Paraibuna,3535606
SANTA BRANCA,S.BRANCA,Santa Branca,3546009
BERNARDINO DE CAMPOS,BERNARDINO DE CAMPOS,Bernardino de Campos,3506300
ENGENHEIRO COELHO,ENGENHEIRO COELHO,Engenheiro Coelho,3515152
VALINHOS,VALINHOS,Valinhos,3556206
CAMPO LIMPO PAULISTA,CAMPO LIMPO PAULISTA,Campo Limpo Paulista,3509601
PIRACAIA,PIRACAIA,Piracaia,3538600
QUATA,QUATA,Quata,3541703
ARCO-IRIS,ARCO-IRIS,Arco-Iris,3503356
PALESTINA,PALESTINA,Palestina,3535002
ESTIVA GERBI,ESTIVA GERBI,Estiva Gerbi,3557303
NOVA CANAA PAULISTA,NOVA CANAA PAULISTA,Nova Canaa Paulista,3532843
EUCLIDES DA CUNHA PAULISTA,EUCLIDES DA CUNHA PTA,Euclides da Cunha Paulista,3515350
FLOREAL,FLOREAL,Floreal,3515905
GALIA,GALIA,Galia,3516606
GENERAL SALGADO,GENERAL SALGADO,General Salgado,3516903
GUAICARA,GUAICARA,Guaicara,3517208
MARACAI,MARACAI,Maracai,3528809
MARILIA,MARILIA,Marilia,3529005
MATAO,MATAO,Matao,3529302
PARISI,PARISI,Parisi,3536257
PAULICEIA,PAULICEIA,Pauliceia,3536406
PEDREGULHO,PEDREGULHO,Pedregulho,3537008
PEREIRA BARRETO,PEREIRA BARRETO,Pereira Barreto,3537404
PILAR DO SUL,PILAR DO SUL,Pilar do Sul,3537909
IACANGA,IACANGA,Iacanga,3519105
IBITINGA,IBITINGA,Ibitinga,3519600
IGARAPAVA,IGARAPAVA,Igarapava,3520103
IPUA,IPUA,Ipua,3521309
SARUTAIA,SARUTAIA,Sarutaia,3551207
ITAPUI,ITAPUI,Itapui,3522901
SAO MIGUEL ARCANJO,S.MIGUEL ARCANJO,Sao Miguel Arcanjo,3550209
SAO PAULO,S.PAULO,Sao Paulo,3550308
SAO PEDRO,S.PEDRO,Sao Pedro,3550407
SAO ROQUE,S.ROQUE,Sao Roque,3550605
SAO SEBASTIAO,S.SEBASTIAO,Sao Sebastiao,3550704
SAO SIMAO,S.SIMAO,Sao Simao,3550902
ITAPURA,ITAPURA,Itapura,3523008
ITATINGA,ITATINGA,Itatinga,3523503
ITIRAPINA,ITIRAPINA,Itirapina,3523602
AGUAS DE SAO PEDRO,AGUAS DE SAO PEDRO,Aguas de Sao Pedro,3500600
JOANOPOLIS,JOANOPOLIS,Joanopolis,3525508
SAO VICENTE,S.VICENTE,Sao Vicente,3551009
ITIRAPUA,ITIRAPUA,Itirapua,3523701
ITU,ITU,Itu,3523909
ITUPEVA,ITUPEVA,Itupeva,3524006
JABORANDI,JABORANDI,Jaborandi,3524204
JABOTICABAL,JABOTICABAL,Jaboticabal,3524303
JACUPIRANGA,JACUPIRANGA,Jacupiranga,3524600
JAGUARIUNA,JAGUARIUNA,Jaguariuna,3524709
MOMBUCA,MOMBUCA,Mombuca,3530904
VARGEM,VARGEM,Vargem,3556354
CRUZALIA,CRUZALIA,Cruzalia,3513306
SARAPUI,SARAPUI,Sarapui,3551108
PARAISO,PARAISO,Paraiso,3535705
PARIQUERA-ACU,PARIQUERA-ACU,Pariquera-Acu,3536208
PATROCINIO PAULISTA,PATROCINIO PAULISTA,Patrocinio Paulista,3536307
PAULINIA,PAULINIA,Paulinia,3536505
PAULISTANIA,PAULISTANIA,Paulistania,3536570
PAULO DE FARIA,PAULO DE FARIA,Paulo de Faria,3536604
SANTA ERNESTINA,S.ERNESTINA,Santa Ernestina,3546504
SANTA FE DO SUL,S.FE DO SUL,Santa Fe do Sul,3546603
SANTA ISABEL,S.ISABEL,Santa Isabel,3546801
PIRACICABA,PIRACICABA,Piracicaba,3538709
PIRAJU,PIRAJU,Piraju,3538808
PIRAPORA DO BOM JESUS,PIRAPORA BOM JESUS,Pirapora do Bom Jesus,3539103
PIRASSUNUNGA,PIRASSUNUNGA,Pirassununga,3539301
PIRATININGA,PIRATININGA,Piratininga,3539400
PITANGUEIRAS,PITANGUEIRAS,Pitangueiras,3539509
CARDOSO,CARDOSO,Cardoso,3510708
SANTA LUCIA,S.LUCIA,Santa Lucia,3546900
PRESIDENTE BERNARDES,PRESIDENTE BERNARDES,Presidente Bernardes,3541208
PRESIDENTE EPITACIO,PRESIDENTE EPITACIO,Presidente Epitacio,3541307
PRESIDENTE PRUDENTE,PRESIDENTE PRUDENTE,Presidente Prudente,3541406
QUEIROZ,QUEIROZ,Queiroz,3541802
QUELUZ,QUELUZ,Queluz,3541901
RAFARD,RAFARD,Rafard,3542107
RANCHARIA,RANCHARIA,Rancharia,3542206
REDENCAO DA SERRA,REDENCAO DA SERRA,Redencao da Serra,3542305
REGISTRO,REGISTRO,Registro,3542602
RESTINGA,RESTINGA,Restinga,3542701
RIBEIRAO BONITO,RIBEIRAO BONITO,Ribeirao Bonito,3542909
RIBEIRAO CORRENTE,RIBEIRAO CORRENTE,Ribeirao Corrente,3543105
RIBEIRAO DOS INDIOS,RIBEIRAO GRANDE,Ribeirao dos Indios,3543238
RIBEIRAO PIRES,RIBEIRAO PIRES,Ribeirao Pires,3543303
RIBEIRAO PRETO,RIBEIRAO PRETO,Ribeirao Preto,3543402
SANTA MERCEDES,S.MERCEDES,Santa Mercedes,3547106
RINOPOLIS,RINOPOLIS,Rinopolis,3543808
RIO CLARO,RIO CLARO,Rio Claro,3543907
RIVERSUL,RIVERSUL,Riversul,3543501
ROSEIRA,ROSEIRA,Roseira,3544301
RUBIACEA,RUBIACEA,Rubiacea,3544400
NHANDEARA,NHANDEARA,Nhandeara,3532603
PALMEIRA D OESTE,PALMEIRA D OESTE,Palmeira d Oeste,3535200
SANTA RITA D OESTE,S.RITA D OESTE,Santa Rita d Oeste,3547403
SANTA ROSA DE VITERBO,S.ROSA DE VITERBO,Santa Rosa de Viterbo,3547601
SANTANA DE PARNAIBA,SANTANA DE PARNAIBA,Santana de Parnaiba,3547304
SANTO ANASTACIO,S.ANASTACIO,Santo Anastacio,3547700
SANTO ANTONIO DE POSSE,S.ANTONIO DE POSSE,Santo Antonio de Posse,3548005
SANTA BARBARA D OESTE,S.BARBARA D OESTE,Santa Barbara d Oeste,3545803
SANTO ANTONIO DO JARDIM,S.ANTONIO DO JARDIM,Santo Antonio do Jardim,3548104
SERTAOZINHO,SERTAOZINHO,Sertaozinho,3551702
SETE BARRAS,SETE BARRAS,Sete Barras,3551801
SILVEIRAS,SILVEIRAS,Silveiras,3552007
SOCORRO,SOCORRO,Socorro,3552106
SOROCABA,SOROCABA,Sorocaba,3552205
SUMARE,SUMARE,Sumare,3552403
SUZANO,SUZANO,Suzano,3552502
TABAPUA,TABAPUA,Tabapua,3552601
TABOAO DA SERRA,TABOAO DA SERRA,Taboao da Serra,3552809
TACIBA,TACIBA,Taciba,3552908
TAGUAI,TAGUAI,Taguai,3553005
SANTO ANTONIO DO PINHAL,S.ANTONIO DO PINHAL,Santo Antonio do Pinhal,3548203
SANTO EXPEDITO,S.EXPEDITO,Santo Expedito,3548302
SANTOPOLIS DO AGUAPEI,SANTOPOLIS DO AGUAPEI,Santopolis do Aguapei,3548401
TANABI,TANABI,Tanabi,3553401
SAO FRANCISCO,S.FRANCISCO,Sao Francisco,3549003
SAO JOAO DA BOA VISTA,S.JOAO DA BOA VISTA,Sao Joao da Boa Vista,3549102
SAO JOAO DAS DUAS PONTES,S.JOAO DUAS PONTES,Sao Joao das Duas Pontes,3549201
SAO JOSE DA BELA VISTA,S.JOSE DA BELA VISTA,Sao Jose da Bela Vista,3549508
SAO JOSE DO RIO PRETO,S.JOSE DO RIO PRETO,Sao Jose do Rio Preto,3549805
SAO JOSE DOS CAMPOS,S.JOSE DOS CAMPOS,Sao Jose dos Campos,3549904
TAPIRAI,TAPIRAI,Tapirai,3553500
PEDRA BELA,PEDRA BELA,Pedra Bela,3536802
PEDREIRA,PEDREIRA,Pedreira,3537107
TAPIRATIBA,TAPIRATIBA,Tapiratiba,3553609
PEDRINHAS PAULISTA,PEDRINHAS PAULISTA,Pedrinhas Paulista,3537156
PENAPOLIS,PENAPOLIS,Penapolis,3537305
PEREIRAS,PEREIRAS,Pereiras,3537503
PIACATU,PIACATU,Piacatu,3537701
PIEDADE,PIEDADE,Piedade,3537800
PINDAMONHANGABA,PINDAMONHANGABA,Pindamonhangaba,3538006
PINHALZINHO,PINHALZINHO,Pinhalzinho,3538204
PIQUEROBI,PIQUEROBI,Piquerobi,3538303
PIQUETE,PIQUETE,Piquete,3538501
POLONI,POLONI,Poloni,3539905
PONGAI,PONGAI,Pongai,3540101
PONTAL,PONTAL,Pontal,3540200
PONTALINDA,PONTALINDA,Pontalinda,3540259
PORANGABA,PORANGABA,Porangaba,3540507
PORTO FELIZ,PORTO FELIZ,Porto Feliz,3540606
SAO BERNARDO DO CAMPO,S.BERNARDO DO CAMPO,Sao Bernardo do Campo,3548708
BARUERI,BARUERI,Barueri,3505708
COTIA,COTIA,Cotia,3513009
SAO CAETANO DO SUL,S.CAETANO DO SUL,Sao Caetano do Sul,3548807
UBATUBA,UBATUBA,Ubatuba,3555406
UCHOA,UCHOA,Uchoa,3555604
POTIM,POTIM,Potim,3540754
POTIRENDABA,POTIRENDABA,Potirendaba,3540804
PRACINHA,PRACINHA,Pracinha,3540853
PRAIA GRANDE,PRAIA GRANDE,Praia Grande,3541000
SABINO,S.ADELIA,Sabino,3544608
SAGRES,S.ALBERTINA,Sagres,3544707
SALES OLIVEIRA,SALES OLIVEIRA,Sales Oliveira,3544905
SALESOPOLIS,S.ANTONIO DA ALEGRIA,Salesopolis,3545001
SALMOURAO,S.ANTONIO DE ARACANGUA,Salmourao,3545100
SALTO,S.ANTONIO DO JARDIM,Salto,3545209
SANDOVALINA,S.BENTO DO SAPUCAI,Sandovalina,3545506
SANTA CRUZ DA CONCEICAO,S.CRUZ DA CONCEICAO,Santa Cruz da Conceicao,3546207
SANTA CRUZ DO RIO PARDO,S.CRUZ DO RIO PARDO,Santa Cruz do Rio Pardo,3546405
SEBASTIANOPOLIS DO SUL,SEBASTIANOPOLIS SUL,Sebastianopolis do Sul,3551306
TAIUVA,TAIUVA,Taiuva,3553203
TAQUARAL,TAQUARAL,Taquaral,3553658
TAQUARITINGA,TAQUARITINGA,Taquaritinga,3553708
TAQUARIVAI,TAQUARIVAI,Taquarivai,3553856
TARABAI,TARABAI,Tarabai,3553906
TATUI,TATUI,Tatui,3554003
TAUBATE,TAUBATE,Taubate,3554102
TEODORO SAMPAIO,TEODORO SAMPAIO,Teodoro Sampaio,3554300
TIETE,TIETE,Tiete,3554508
TIMBURI,TIMBURI,Timburi,3554607
VINHEDO,VINHEDO,Vinhedo,3556701
TORRE DE PEDRA,TORRE DE PEDRA,Torre de Pedra,3554656
TRABIJU,TRABIJU,Trabiju,3554755
TREMEMBE,TREMEMBE,Tremembe,3554805
TUIUTI,TUIUTI,Tuiuti,3554953
TUPI PAULISTA,TUPI PAULISTA,Tupi Paulista,3555109
TURMALINA,TURMALINA,Turmalina,3555307
UBARANA,UBARANA,Ubarana,3555356
FERNAO,FERNAO,Fernao,3515657
LUPERCIO,LUPERCIO,Lupercio,3527801
PLATINA,PLATINA,Platina,3539707
SALTO GRANDE,S.BARBARA D OESTE,Salto Grande,3545407
PRESIDENTE VENCESLAU,PRESIDENTE VENCESLAU,Presidente Venceslau,3541505
JUNQUEIROPOLIS,JUNQUEIROPOLIS,Junqueiropolis,3526001
REGENTE FEIJO,REGENTE FEIJO,Regente Feijo,3542404
ROSANA,ROSANA,Rosana,3544251
CAIABU,CAIABU,Caiabu,3508900
MONTE CASTELO,MONTE CASTELO,Monte Castelo,3531605
NANTES,NANTES,Nantes,3532157
PORTO FERREIRA,PORTO FERREIRA,Porto Ferreira,3540705
BOA ESPERANCA DO SUL,BOA ESPERANCA DO SUL,Boa Esperanca do Sul,3506706
IBATE,IBATE,Ibate,3519303
PERUIBE,PERUIBE,Peruibe,3537602
BARRA DO TURVO,BARRA DO TURVO,Barra do Turvo,3505401
ITARIRI,ITARIRI,Itariri,3523305
PEDRO DE TOLEDO,PEDRO DE TOLEDO,Pedro de Toledo,3537206
CRAVINHOS,CRAVINHOS,Cravinhos,3513108
GUARIBA,GUARIBA,Guariba,3518602
JARDINOPOLIS,JARDINOPOLIS,Jardinopolis,3525102
PRADOPOLIS,PRADOPOLIS,Pradopolis,3540903
SERRANA,SERRANA,Serrana,3551504
CASSIA DOS COQUEIROS,CASSIA DOS COQUEIROS,Cassia dos Coqueiros,3510906
SERRA AZUL,SERRA AZUL,Serra Azul,3551405
GUARULHOS,GUARULHOS,Guarulhos,3518800
SANTO ANDRE,S.ANDRE,Santo Andre,3547809
UNIAO PAULISTA,UNIAO PAULISTA,Uniao Paulista,3555703
URANIA,URANIA,Urania,3555802
URUPES,URUPES,Urupes,3556008
VALENTIM GENTIL,VALENTIM GENTIL,Valentim Gentil,3556107
VALPARAISO,VALPARAISO,Valparaiso,3556305
VARGEM GRANDE DO SUL,VARGEM GRANDE DO SUL,Vargem Grande do Sul,3556404
VARGEM GRANDE PAULISTA,VARGEM GRANDE PAULISTA,Vargem Grande Paulista,3556453
VIRADOURO,VIRADOURO,Viradouro,3556800
VITORIA BRASIL,VITORIA BRASIL,Vitoria Brasil,3556958
IBIUNA,IBIUNA,Ibiuna,3519709
VISTA ALEGRE DO ALTO,VISTA ALEGRE DO ALTO,Vista Alegre do Alto,3556909
VOTORANTIM,VOTORANTIM,Votorantim,3557006
ZACARIAS,ZACARIAS,Zacarias,3557154
IPERO,IPERO,Ipero,3521002
SALTO DE PIRAPORA,S.ANTONIO DO PINHAL,Salto de Pirapora,3545308
FLORINEA,FLORINEA,Florinea,3516101
SANTA CLARA D OESTE,S.CLARA D OESTE,Santa Clara d Oeste,3546108
ANDRADINA,ANDRADINA,Andradina,3502101
ILHA SOLTEIRA,ILHA SOLTEIRA,Ilha Solteira,3520442
BALBINOS,BALBINOS,Balbinos,3504701
BREJO ALEGRE,BREJO ALEGRE,Brejo Alegre,3507753
GABRIEL MONTEIRO,GABRIEL MONTEIRO,Gabriel Monteiro,3516507
LUIZIANIA,LUIZIANIA,Luiziania,3527702
SAO JOAO DE IRACEMA,S.JOAO DE IRACEMA,Sao Joao de Iracema,3549250
BOREBI,BOREBI,Borebi,3507456
GUARANTA,GUARANTA,Guaranta,3518107
ITAJU,ITAJU,Itaju,3522000
REGINOPOLIS,REGINOPOLIS,Reginopolis,3542503
ITAQUAQUECETUBA,ITAQUAQUECETUBA,Itaquaquecetuba,3523107
FERRAZ DE VASCONCELOS,FERRAZ DE VASCONCELOS,Ferraz de Vasconcelos,3515707
POA,POA,Poa,3539806
RIO GRANDE DA SERRA,RIO GRANDE DA SERRA,Rio Grande da Serra,3544103
TURIUBA,TURIUBA,Turiuba,3555208
BEBEDOURO,BEBEDOURO,Bebedouro,3506102
TAIACU,TAIACU,Taiacu,3553104
PEDERNEIRAS,PEDERNEIRAS,Pederneiras,3536703
AGUDOS,AGUDOS,Agudos,3500709
PROMISSAO,PROMISSAO,Promissao,3541604
SAO LOURENCO DA SERRA,S.LOURENCO DA SERRA,Sao Lourenco da Serra,3549953
CATANDUVA,CATANDUVA,Catanduva,3511102
MIRASSOL,MIRASSOL,Mirassol,3530300
ARIRANHA,ARIRANHA,Ariranha,3503703
IBIRA,IBIRA,Ibira,3519402
NOVA ALIANCA,NOVA ALIANCA,Nova Alianca,3532801
BALSAMO,BALSAMO,Balsamo,3504800
ELISIARIO,ELISIARIO,Elisiario,3514924
IRAPUA,IRAPUA,Irapua,3521507
JACI,JACI,Jaci,3524501
MENDONCA,MENDONCA,Mendonca,3529500
ONDA VERDE,ONDA VERDE,Onda Verde,3534005
ORINDIUVA,ORINDIUVA,Orindiuva,3534203
PLANALTO,PLANALTO,Planalto,3539608
FERNANDOPOLIS,FERNANDOPOLIS,Fernandopolis,3515509
INDIAPORA,INDIAPORA,Indiapora,3520707
GUARANI D OESTE,GUARANI D OESTE,Guarani d Oeste,3518008
MERIDIANO,MERIDIANO,Meridiano,3529609
MIRA ESTRELA,MIRA ESTRELA,Mira Estrela,3530003
NOVA LUZITANIA,NOVA LUZITANIA,Nova Luzitania,3533304
PARANAPUA,PARANAPUA,Paranapua,3535903
PEDRANOPOLIS,PEDRANOPOLIS,Pedranopolis,3536901
PONTES GESTAL,PONTES GESTAL,Pontes Gestal,3540309
RIOLANDIA,RIOLANDIA,Riolandia,3544202
SANTANA DA PONTE PENSA,SANTANA DA PONTE PENSA,Santana da Ponte Pensa,3547205
TRES FRONTEIRAS,TRES FRONTEIRAS,Tres Fronteiras,3554904
